{
  "interceptor.py": 1777371834.296863,
  "analyze.py": 1777371888.6183918,
  "README.md": 1777372008.692112,
  "PLAN.md": 1777371947.940745,
  "CLAUDE.md": 1777373347.9163697
}